<linker>
  <assembly fullname="Assembly-CSharp, Version=0.0.0.0, Culture=neutral, PublicKeyToken=null">
    <type fullname="GoodLuckValley.Architecture.ServiceLocator.ServiceLocator" preserve="all" />
    <type fullname="GoodLuckValley.Architecture.ServiceLocator.ServiceLocatorScene" preserve="all" />
    <type fullname="GoodLuckValley.CameraCenterer" preserve="all" />
    <type fullname="GoodLuckValley.CameraController" preserve="all" />
    <type fullname="GoodLuckValley.Cameras.OneWayCameraTrigger" preserve="all" />
    <type fullname="GoodLuckValley.DevToolsDebugger" preserve="all" />
    <type fullname="GoodLuckValley.Input.GameInputReader" preserve="all" />
    <type fullname="GoodLuckValley.Interactables.Fireflies.Fireflies" preserve="all" />
    <type fullname="GoodLuckValley.Interactables.Fireflies.Firefly" preserve="all" />
    <type fullname="GoodLuckValley.Interactables.Fireflies.FireflyGroup" preserve="all" />
    <type fullname="GoodLuckValley.Interactables.Fireflies.FireflyHandler" preserve="all" />
    <type fullname="GoodLuckValley.Interactables.Fireflies.Fruit" preserve="all" />
    <type fullname="GoodLuckValley.Interactables.Fireflies.Lantern" preserve="all" />
    <type fullname="GoodLuckValley.Interactables.InteractableHandler" preserve="all" />
    <type fullname="GoodLuckValley.Player.Animation.AnimationController" preserve="all" />
    <type fullname="GoodLuckValley.Player.Data.PlayerStats" preserve="all" />
    <type fullname="GoodLuckValley.Player.Development.DevelopmentTools" preserve="all" />
    <type fullname="GoodLuckValley.Player.Movement.PlayerController" preserve="all" />
    <type fullname="GoodLuckValley.Player.Mushroom.MushroomObject" preserve="all" />
    <type fullname="GoodLuckValley.Player.Mushroom.MushroomSpawner" preserve="all" />
    <type fullname="GoodLuckValley.PlayerStateMachine" preserve="all" />
    <type fullname="GoodLuckValley.Potentiates.Potentiate" preserve="all" />
    <type fullname="GoodLuckValley.Potentiates.PotentiateHandler" preserve="all" />
    <type fullname="GoodLuckValley.Revealable" preserve="all" />
    <type fullname="GoodLuckValley.Scenes.SceneGroupData" preserve="all" />
    <type fullname="GoodLuckValley.Scenes.SceneTransporter" preserve="all" />
    <type fullname="GoodLuckValley.TwoWayCameraPriorityTrigger" preserve="all" />
    <type fullname="GoodLuckValley.World.Physics.PhysicsOrchestrator" preserve="all" />
    <type fullname="GoodLuckValley.Player.Data.CharacterSize" preserve="nothing" serialized="true" />
    <type fullname="GoodLuckValley.Player.Data.PositionCorrectionMode" preserve="nothing" serialized="true" />
    <type fullname="GoodLuckValley.Player.Movement.CollisionHandler" preserve="nothing" serialized="true" />
    <type fullname="GoodLuckValley.Player.Movement.PlayerBounce" preserve="nothing" serialized="true" />
    <type fullname="GoodLuckValley.Player.Movement.PlayerCrawl" preserve="nothing" serialized="true" />
    <type fullname="GoodLuckValley.Player.Movement.PlayerJump" preserve="nothing" serialized="true" />
    <type fullname="GoodLuckValley.Player.Movement.PlayerWallJump" preserve="nothing" serialized="true" />
    <type fullname="GoodLuckValley.Scenes.SceneData" preserve="nothing" serialized="true" />
    <type fullname="GoodLuckValley.Scenes.SceneGroup" preserve="nothing" serialized="true" />
  </assembly>
  <assembly fullname="Cinemachine, Version=0.0.0.0, Culture=neutral, PublicKeyToken=null">
    <type fullname="Cinemachine.CinemachineBlenderSettings" preserve="all" />
    <type fullname="Cinemachine.CinemachineBrain" preserve="all" />
    <type fullname="Cinemachine.CinemachineFramingTransposer" preserve="all" />
    <type fullname="Cinemachine.CinemachinePipeline" preserve="all" />
    <type fullname="Cinemachine.CinemachineVirtualCamera" preserve="all" />
    <type fullname="Cinemachine.CinemachineBlendDefinition" preserve="nothing" serialized="true" />
    <type fullname="Cinemachine.CinemachineBlenderSettings/CustomBlend" preserve="nothing" serialized="true" />
    <type fullname="Cinemachine.CinemachineBrain/BrainEvent" preserve="nothing" serialized="true" />
    <type fullname="Cinemachine.CinemachineBrain/VcamActivatedEvent" preserve="nothing" serialized="true" />
    <type fullname="Cinemachine.CinemachineVirtualCameraBase/TransitionParams" preserve="nothing" serialized="true" />
    <type fullname="Cinemachine.LensSettings" preserve="nothing" serialized="true" />
  </assembly>
  <assembly fullname="Unity.Addressables, Version=0.0.0.0, Culture=neutral, PublicKeyToken=null" preserve="all">
    <type fullname="UnityEngine.AddressableAssets.Addressables" preserve="all" />
  </assembly>
  <assembly fullname="Unity.RenderPipelines.Universal.2D.Runtime, Version=0.0.0.0, Culture=neutral, PublicKeyToken=null">
    <type fullname="UnityEngine.Rendering.Universal.Light2D" preserve="all" />
  </assembly>
  <assembly fullname="Unity.RenderPipelines.Universal.Runtime, Version=0.0.0.0, Culture=neutral, PublicKeyToken=null">
    <type fullname="UnityEngine.Rendering.Universal.UniversalAdditionalCameraData" preserve="all" />
    <type fullname="UnityEngine.Rendering.Universal.TemporalAA/Settings" preserve="nothing" serialized="true" />
  </assembly>
  <assembly fullname="Unity.ResourceManager, Version=0.0.0.0, Culture=neutral, PublicKeyToken=null" preserve="all">
    <type fullname="UnityEngine.ResourceManagement.ResourceProviders.AssetBundleProvider" preserve="all" />
    <type fullname="UnityEngine.ResourceManagement.ResourceProviders.BundledAssetProvider" preserve="all" />
    <type fullname="UnityEngine.ResourceManagement.ResourceProviders.InstanceProvider" preserve="all" />
    <type fullname="UnityEngine.ResourceManagement.ResourceProviders.SceneProvider" preserve="all" />
  </assembly>
  <assembly fullname="UnityEngine.AnimationModule, Version=0.0.0.0, Culture=neutral, PublicKeyToken=null">
    <type fullname="UnityEngine.AnimationClip" preserve="all" />
    <type fullname="UnityEngine.Animator" preserve="all" />
    <type fullname="UnityEngine.RuntimeAnimatorController" preserve="all" />
  </assembly>
  <assembly fullname="UnityEngine.AudioModule, Version=0.0.0.0, Culture=neutral, PublicKeyToken=null">
    <type fullname="UnityEngine.AudioListener" preserve="all" />
  </assembly>
  <assembly fullname="UnityEngine.CoreModule, Version=0.0.0.0, Culture=neutral, PublicKeyToken=null">
    <type fullname="UnityEngine.Camera" preserve="all" />
    <type fullname="UnityEngine.Cubemap" preserve="all" />
    <type fullname="UnityEngine.GameObject" preserve="all" />
    <type fullname="UnityEngine.LightmapSettings" preserve="all" />
    <type fullname="UnityEngine.Material" preserve="all" />
    <type fullname="UnityEngine.Object" preserve="all" />
    <type fullname="UnityEngine.RectTransform" preserve="all" />
    <type fullname="UnityEngine.RenderSettings" preserve="all" />
    <type fullname="UnityEngine.Shader" preserve="all" />
    <type fullname="UnityEngine.Sprite" preserve="all" />
    <type fullname="UnityEngine.SpriteRenderer" preserve="all" />
    <type fullname="UnityEngine.Texture2D" preserve="all" />
    <type fullname="UnityEngine.Transform" preserve="all" />
    <type fullname="UnityEngine.Events.PersistentCallGroup" preserve="nothing" serialized="true" />
  </assembly>
  <assembly fullname="UnityEngine.GridModule, Version=0.0.0.0, Culture=neutral, PublicKeyToken=null">
    <type fullname="UnityEngine.Grid" preserve="all" />
  </assembly>
  <assembly fullname="UnityEngine.Physics2DModule, Version=0.0.0.0, Culture=neutral, PublicKeyToken=null">
    <type fullname="UnityEngine.BoxCollider2D" preserve="all" />
    <type fullname="UnityEngine.CapsuleCollider2D" preserve="all" />
    <type fullname="UnityEngine.CompositeCollider2D" preserve="all" />
    <type fullname="UnityEngine.ConstantForce2D" preserve="all" />
    <type fullname="UnityEngine.PhysicsMaterial2D" preserve="all" />
    <type fullname="UnityEngine.PlatformEffector2D" preserve="all" />
    <type fullname="UnityEngine.Rigidbody2D" preserve="all" />
  </assembly>
  <assembly fullname="UnityEngine.TilemapModule, Version=0.0.0.0, Culture=neutral, PublicKeyToken=null">
    <type fullname="UnityEngine.Tilemaps.Tile" preserve="all" />
    <type fullname="UnityEngine.Tilemaps.Tilemap" preserve="all" />
    <type fullname="UnityEngine.Tilemaps.TilemapCollider2D" preserve="all" />
    <type fullname="UnityEngine.Tilemaps.TilemapRenderer" preserve="all" />
  </assembly>
  <assembly fullname="UnityEngine.UI, Version=1.0.0.0, Culture=neutral, PublicKeyToken=null">
    <type fullname="UnityEngine.UI.CanvasScaler" preserve="all" />
    <type fullname="UnityEngine.UI.GraphicRaycaster" preserve="all" />
    <type fullname="UnityEngine.UI.Text" preserve="all" />
    <type fullname="UnityEngine.UI.FontData" preserve="nothing" serialized="true" />
    <type fullname="UnityEngine.UI.MaskableGraphic/CullStateChangedEvent" preserve="nothing" serialized="true" />
  </assembly>
  <assembly fullname="UnityEngine.UIModule, Version=0.0.0.0, Culture=neutral, PublicKeyToken=null">
    <type fullname="UnityEngine.Canvas" preserve="all" />
    <type fullname="UnityEngine.CanvasRenderer" preserve="all" />
  </assembly>
  <assembly fullname="Eflatun.SceneReference">
    <type fullname="Eflatun.SceneReference.SceneReference" preserve="nothing" serialized="true" />
  </assembly>
  <assembly fullname="Sirenix.Serialization">
    <type fullname="Sirenix.Serialization.SerializationData" preserve="nothing" serialized="true" />
  </assembly>
</linker>